{
    "cell0007.png21725": {
        "filename": "cell0007.png",
        "size": 21725,
        "regions": [
            {
                "shape_attributes": {
                    "name": "polygon",
                    "all_points_x": [
                        19,
                        12,
                        18,
                        55,
                        185,
                        194,
                        203,
                        248,
                        250,
                        226,
                        110,
                        63,
                        22
                    ],
                    "all_points_y": [
                        143,
                        122,
                        101,
                        90,
                        96,
                        93,
                        100,
                        105,
                        122,
                        132,
                        152,
                        168,
                        151
                    ]
                },
                "region_attributes": {}
            },
            {
                "shape_attributes": {
                    "name": "polygon",
                    "all_points_x": [
                        282,
                        201,
                        206,
                        283
                    ],
                    "all_points_y": [
                        61,
                        87,
                        92,
                        63
                    ]
                },
                "region_attributes": {}
            },
            {
                "shape_attributes": {
                    "name": "polygon",
                    "all_points_x": [
                        270,
                        244,
                        247,
                        271
                    ],
                    "all_points_y": [
                        254,
                        271,
                        272,
                        255
                    ]
                },
                "region_attributes": {}
            }
        ],
        "file_attributes": {}
    },
    "cell0008.png25637": {
        "filename": "cell0008.png",
        "size": 25637,
        "regions": [
            {
                "shape_attributes": {
                    "name": "polygon",
                    "all_points_x": [
                        21,
                        85,
                        174,
                        235,
                        277,
                        279,
                        238,
                        26,
                        15,
                        6,
                        12,
                        13,
                        6,
                        13,
                        16,
                        5,
                        4,
                        25
                    ],
                    "all_points_y": [
                        127,
                        123,
                        131,
                        115,
                        94,
                        86,
                        78,
                        103,
                        88,
                        91,
                        116,
                        130,
                        143,
                        171,
                        180,
                        210,
                        217,
                        211
                    ]
                },
                "region_attributes": {}
            }
        ],
        "file_attributes": {}
    },
    "cell0012.png24826": {
        "filename": "cell0012.png",
        "size": 24826,
        "regions": [
            {
                "shape_attributes": {
                    "name": "polygon",
                    "all_points_x": [
                        278,
                        219,
                        96,
                        10,
                        7,
                        169
                    ],
                    "all_points_y": [
                        242,
                        208,
                        208,
                        226,
                        155,
                        154
                    ]
                },
                "region_attributes": {}
            },
            {
                "shape_attributes": {
                    "name": "polygon",
                    "all_points_x": [
                        133,
                        191,
                        288,
                        291,
                        227,
                        144
                    ],
                    "all_points_y": [
                        81,
                        140,
                        143,
                        79,
                        63,
                        65
                    ]
                },
                "region_attributes": {}
            },
            {
                "shape_attributes": {
                    "name": "polygon",
                    "all_points_x": [
                        105,
                        108,
                        3,
                        28
                    ],
                    "all_points_y": [
                        7,
                        44,
                        42,
                        4
                    ]
                },
                "region_attributes": {}
            },
            {
                "shape_attributes": {
                    "name": "polygon",
                    "all_points_x": [
                        143,
                        109,
                        147
                    ],
                    "all_points_y": [
                        5,
                        41,
                        6
                    ]
                },
                "region_attributes": {}
            },
            {
                "shape_attributes": {
                    "name": "polygon",
                    "all_points_x": [
                        211,
                        181,
                        194,
                        222
                    ],
                    "all_points_y": [
                        6,
                        42,
                        44,
                        6
                    ]
                },
                "region_attributes": {}
            },
            {
                "shape_attributes": {
                    "name": "polygon",
                    "all_points_x": [
                        130,
                        101,
                        34,
                        10,
                        11,
                        75
                    ],
                    "all_points_y": [
                        84,
                        118,
                        138,
                        146,
                        133,
                        114
                    ]
                },
                "region_attributes": {}
            },
            {
                "shape_attributes": {
                    "name": "polygon",
                    "all_points_x": [
                        66,
                        55,
                        12,
                        44,
                        13,
                        5
                    ],
                    "all_points_y": [
                        103,
                        103,
                        111,
                        97,
                        94,
                        64
                    ]
                },
                "region_attributes": {}
            },
            {
                "shape_attributes": {
                    "name": "polygon",
                    "all_points_x": [
                        95,
                        48,
                        57,
                        100
                    ],
                    "all_points_y": [
                        92,
                        57,
                        55,
                        88
                    ]
                },
                "region_attributes": {}
            },
            {
                "shape_attributes": {
                    "name": "polygon",
                    "all_points_x": [
                        105,
                        130,
                        132,
                        107
                    ],
                    "all_points_y": [
                        59,
                        79,
                        74,
                        55
                    ]
                },
                "region_attributes": {}
            }
        ],
        "file_attributes": {}
    },
    "cell0014.png27249": {
        "filename": "cell0014.png",
        "size": 27249,
        "regions": [
            {
                "shape_attributes": {
                    "name": "polygon",
                    "all_points_x": [
                        58,
                        110,
                        148,
                        145,
                        112,
                        53,
                        33,
                        49
                    ],
                    "all_points_y": [
                        203,
                        202,
                        156,
                        136,
                        56,
                        48,
                        141,
                        201
                    ]
                },
                "region_attributes": {}
            }
        ],
        "file_attributes": {}
    },
    "cell0020.png27692": {
        "filename": "cell0020.png",
        "size": 27692,
        "regions": [
            {
                "shape_attributes": {
                    "name": "polygon",
                    "all_points_x": [
                        131,
                        118,
                        63,
                        40,
                        23,
                        2,
                        4,
                        158
                    ],
                    "all_points_y": [
                        41,
                        26,
                        26,
                        9,
                        5,
                        24,
                        2,
                        7
                    ]
                },
                "region_attributes": {}
            },
            {
                "shape_attributes": {
                    "name": "polygon",
                    "all_points_x": [
                        180,
                        208,
                        225,
                        280,
                        296,
                        294
                    ],
                    "all_points_y": [
                        2,
                        36,
                        23,
                        29,
                        39,
                        3
                    ]
                },
                "region_attributes": {}
            },
            {
                "shape_attributes": {
                    "name": "polygon",
                    "all_points_x": [
                        45,
                        117,
                        126,
                        51
                    ],
                    "all_points_y": [
                        59,
                        130,
                        122,
                        57
                    ]
                },
                "region_attributes": {}
            },
            {
                "shape_attributes": {
                    "name": "polygon",
                    "all_points_x": [
                        125,
                        190,
                        200,
                        130
                    ],
                    "all_points_y": [
                        110,
                        52,
                        58,
                        121
                    ]
                },
                "region_attributes": {}
            },
            {
                "shape_attributes": {
                    "name": "polygon",
                    "all_points_x": [
                        141,
                        147,
                        130,
                        164,
                        228,
                        239,
                        180,
                        193,
                        184
                    ],
                    "all_points_y": [
                        152,
                        160,
                        165,
                        176,
                        246,
                        237,
                        179,
                        172,
                        161
                    ]
                },
                "region_attributes": {}
            },
            {
                "shape_attributes": {
                    "name": "polygon",
                    "all_points_x": [
                        286,
                        241,
                        250,
                        296
                    ],
                    "all_points_y": [
                        190,
                        226,
                        243,
                        195
                    ]
                },
                "region_attributes": {}
            },
            {
                "shape_attributes": {
                    "name": "polygon",
                    "all_points_x": [
                        269,
                        230,
                        243,
                        276
                    ],
                    "all_points_y": [
                        290,
                        251,
                        248,
                        286
                    ]
                },
                "region_attributes": {}
            },
            {
                "shape_attributes": {
                    "name": "polygon",
                    "all_points_x": [
                        195,
                        232,
                        224,
                        195
                    ],
                    "all_points_y": [
                        296,
                        260,
                        254,
                        293
                    ]
                },
                "region_attributes": {}
            },
            {
                "shape_attributes": {
                    "name": "polygon",
                    "all_points_x": [
                        179,
                        150,
                        126,
                        175
                    ],
                    "all_points_y": [
                        254,
                        296,
                        290,
                        252
                    ]
                },
                "region_attributes": {}
            },
            {
                "shape_attributes": {
                    "name": "polygon",
                    "all_points_x": [
                        98,
                        111,
                        210,
                        203
                    ],
                    "all_points_y": [
                        157,
                        152,
                        255,
                        265
                    ]
                },
                "region_attributes": {}
            },
            {
                "shape_attributes": {
                    "name": "polygon",
                    "all_points_x": [
                        27,
                        27,
                        21,
                        23
                    ],
                    "all_points_y": [
                        136,
                        205,
                        202,
                        136
                    ]
                },
                "region_attributes": {}
            },
            {
                "shape_attributes": {
                    "name": "polygon",
                    "all_points_x": [
                        11,
                        39,
                        5,
                        12
                    ],
                    "all_points_y": [
                        91,
                        61,
                        30,
                        88
                    ]
                },
                "region_attributes": {}
            }
        ],
        "file_attributes": {}
    },
    "cell0027.png30133": {
        "filename": "cell0027.png",
        "size": 30133,
        "regions": [
            {
                "shape_attributes": {
                    "name": "polygon",
                    "all_points_x": [
                        282,
                        223,
                        183,
                        203,
                        247,
                        289
                    ],
                    "all_points_y": [
                        258,
                        248,
                        181,
                        90,
                        47,
                        51
                    ]
                },
                "region_attributes": {}
            },
            {
                "shape_attributes": {
                    "name": "polygon",
                    "all_points_x": [
                        183,
                        171,
                        40,
                        7,
                        12,
                        184
                    ],
                    "all_points_y": [
                        7,
                        39,
                        24,
                        28,
                        7,
                        3
                    ]
                },
                "region_attributes": {}
            },
            {
                "shape_attributes": {
                    "name": "polygon",
                    "all_points_x": [
                        46,
                        148,
                        146,
                        50
                    ],
                    "all_points_y": [
                        169,
                        231,
                        217,
                        164
                    ]
                },
                "region_attributes": {}
            },
            {
                "shape_attributes": {
                    "name": "polygon",
                    "all_points_x": [
                        8,
                        174,
                        175,
                        6
                    ],
                    "all_points_y": [
                        187,
                        189,
                        171,
                        174
                    ]
                },
                "region_attributes": {}
            },
            {
                "shape_attributes": {
                    "name": "polygon",
                    "all_points_x": [
                        153,
                        202,
                        211,
                        170
                    ],
                    "all_points_y": [
                        40,
                        83,
                        66,
                        41
                    ]
                },
                "region_attributes": {}
            }
        ],
        "file_attributes": {}
    }
}