{"cell0007.png21725":{"fileref":"","size":21725,"filename":"cell0007.png","base64_img_data":"","file_attributes":{},"regions":{"0":{"shape_attributes":{"name":"polygon","all_points_x":[22,51,128,191,221,254,256,67,13,19,22],"all_points_y":[154,170,151,140,142,124,103,86,99,151,154]},"region_attributes":{}}}},"cell0008.png25637":{"fileref":"","size":25637,"filename":"cell0008.png","base64_img_data":"","file_attributes":{},"regions":{"0":{"shape_attributes":{"name":"polygon","all_points_x":[22,83,221,288,280,14,16,22],"all_points_y":[132,128,129,94,66,82,132,132]},"region_attributes":{}},"1":{"shape_attributes":{"name":"polygon","all_points_x":[11,27,28,22,10,11],"all_points_y":[219,209,172,138,130,219]},"region_attributes":{}}}},"cell0012.png24826":{"fileref":"","size":24826,"filename":"cell0012.png","base64_img_data":"","file_attributes":{},"regions":{"0":{"shape_attributes":{"name":"polygon","all_points_x":[278,213,97,9,11,162,278],"all_points_y":[241,211,213,235,145,147,241]},"region_attributes":{}},"1":{"shape_attributes":{"name":"polygon","all_points_x":[286,202,118,163,284,292,286],"all_points_y":[150,146,72,48,58,147,150]},"region_attributes":{}},"2":{"shape_attributes":{"name":"polygon","all_points_x":[114,113,15,29,114],"all_points_y":[7,49,53,5,7]},"region_attributes":{}}}},"cell0014.png27249":{"fileref":"","size":27249,"filename":"cell0014.png","base64_img_data":"","file_attributes":{},"regions":{"0":{"shape_attributes":{"name":"polygon","all_points_x":[83,152,110,49,31,71,83],"all_points_y":[199,156,42,46,190,210,199]},"region_attributes":{}}}},"cell0020.png27692":{"fileref":"","size":27692,"filename":"cell0020.png","base64_img_data":"","file_attributes":{},"regions":{"0":{"shape_attributes":{"name":"polygon","all_points_x":[284,230,207,193,135,8,12,288,284],"all_points_y":[38,27,42,14,33,29,5,6,38]},"region_attributes":{}},"1":{"shape_attributes":{"name":"polygon","all_points_x":[200,133,149,187,206,200],"all_points_y":[152,154,174,179,150,152]},"region_attributes":{}}}},"cell0027.png30133":{"fileref":"","size":30133,"filename":"cell0027.png","base64_img_data":"","file_attributes":{},"regions":{"0":{"shape_attributes":{"name":"polygon","all_points_x":[259,191,159,257,287,292,259],"all_points_y":[38,87,213,266,255,39,38]},"region_attributes":{}}}}}